1,2,=A1+B1
=A3,=B2,=A2+B2
text,=A3+1,=1/0
=A3+"text_4",=B3*"abc",=sqrt(-4)
=A4+"text_5",=B4*"abc",=sqrt(-5)
=A5+"text_6",=B5*"abc",=sqrt(-6)
=A6+"text_7",=B6*"abc",=sqrt(-7)
=A7+"text_8",=B7*"abc",=sqrt(-8)
=A8+"text_9",=B8*"abc",=sqrt(-9)
=A9+"text_10",=B9*"abc",=sqrt(-10)
=A10+"text_11",=B10*"abc",=sqrt(-11)
=A11+"text_12",=B11*"abc",=sqrt(-12)
=A12+"text_13",=B12*"abc",=sqrt(-13)
=A13+"text_14",=B13*"abc",=sqrt(-14)
=A14+"text_15",=B14*"abc",=sqrt(-15)
=A15+"text_16",=B15*"abc",=sqrt(-16)
=A16+"text_17",=B16*"abc",=sqrt(-17)
=A17+"text_18",=B17*"abc",=sqrt(-18)
=A18+"text_19",=B18*"abc",=sqrt(-19)
=A19+"text_20",=B19*"abc",=sqrt(-20)
=A20+"text_21",=B20*"abc",=sqrt(-21)
=A21+"text_22",=B21*"abc",=sqrt(-22)
=A22+"text_23",=B22*"abc",=sqrt(-23)
=A23+"text_24",=B23*"abc",=sqrt(-24)
=A24+"text_25",=B24*"abc",=sqrt(-25)
=A25+"text_26",=B25*"abc",=sqrt(-26)
=A26+"text_27",=B26*"abc",=sqrt(-27)
=A27+"text_28",=B27*"abc",=sqrt(-28)
=A28+"text_29",=B28*"abc",=sqrt(-29)
=A29+"text_30",=B29*"abc",=sqrt(-30)
=A30+"text_31",=B30*"abc",=sqrt(-31)
=A31+"text_32",=B31*"abc",=sqrt(-32)
=A32+"text_33",=B32*"abc",=sqrt(-33)
=A33+"text_34",=B33*"abc",=sqrt(-34)
=A34+"text_35",=B34*"abc",=sqrt(-35)
=A35+"text_36",=B35*"abc",=sqrt(-36)
=A36+"text_37",=B36*"abc",=sqrt(-37)
=A37+"text_38",=B37*"abc",=sqrt(-38)
=A38+"text_39",=B38*"abc",=sqrt(-39)
=A39+"text_40",=B39*"abc",=sqrt(-40)
=A40+"text_41",=B40*"abc",=sqrt(-41)
=A41+"text_42",=B41*"abc",=sqrt(-42)
=A42+"text_43",=B42*"abc",=sqrt(-43)
=A43+"text_44",=B43*"abc",=sqrt(-44)
=A44+"text_45",=B44*"abc",=sqrt(-45)
=A45+"text_46",=B45*"abc",=sqrt(-46)
=A46+"text_47",=B46*"abc",=sqrt(-47)
=A47+"text_48",=B47*"abc",=sqrt(-48)
=A48+"text_49",=B48*"abc",=sqrt(-49)
=A49+"text_50",=B49*"abc",=sqrt(-50)
510,0,=A51/B51
520,1,=A52/B52
530,2,=A53/B53
540,3,=A54/B54
550,4,=A55/B55
560,0,=A56/B56
570,1,=A57/B57
580,2,=A58/B58
590,3,=A59/B59
600,4,=A60/B60
610,0,=A61/B61
620,1,=A62/B62
630,2,=A63/B63
640,3,=A64/B64
650,4,=A65/B65
660,0,=A66/B66
670,1,=A67/B67
680,2,=A68/B68
690,3,=A69/B69
700,4,=A70/B70
710,0,=A71/B71
720,1,=A72/B72
730,2,=A73/B73
740,3,=A74/B74
750,4,=A75/B75
760,0,=A76/B76
770,1,=A77/B77
780,2,=A78/B78
790,3,=A79/B79
800,4,=A80/B80
=unknown_func(A71),=invalid(),=#REF!
=unknown_func(A72),=invalid(),=#REF!
=unknown_func(A73),=invalid(),=#REF!
=unknown_func(A74),=invalid(),=#REF!
=unknown_func(A75),=invalid(),=#REF!
=unknown_func(A76),=invalid(),=#REF!
=unknown_func(A77),=invalid(),=#REF!
=unknown_func(A78),=invalid(),=#REF!
=unknown_func(A79),=invalid(),=#REF!
=unknown_func(A80),=invalid(),=#REF!
=unknown_func(A81),=invalid(),=#REF!
=unknown_func(A82),=invalid(),=#REF!
=unknown_func(A83),=invalid(),=#REF!
=unknown_func(A84),=invalid(),=#REF!
=unknown_func(A85),=invalid(),=#REF!
=unknown_func(A86),=invalid(),=#REF!
=unknown_func(A87),=invalid(),=#REF!
=unknown_func(A88),=invalid(),=#REF!
=unknown_func(A89),=invalid(),=#REF!
=unknown_func(A90),=invalid(),=#REF!
=A100,=B100+1,=C100*2
=A101,=B101+1,=C101*2
=A102,=B102+1,=C102*2
=A103,=B103+1,=C103*2
=A104,=B104+1,=C104*2
=A105,=B105+1,=C105*2
=A106,=B106+1,=C106*2
=A107,=B107+1,=C107*2
=A108,=B108+1,=C108*2
=A109,=B109+1,=C109*2
=A110,=B110+1,=C110*2
=A111,=B111+1,=C111*2
=A112,=B112+1,=C112*2
=A113,=B113+1,=C113*2
=A114,=B114+1,=C114*2
=A115,=B115+1,=C115*2
=A116,=B116+1,=C116*2
=A117,=B117+1,=C117*2
=A118,=B118+1,=C118*2
=A119,=B119+1,=C119*2
=A120,=B120+1,=C120*2
=A121,=B121+1,=C121*2
=A122,=B122+1,=C122*2
=A123,=B123+1,=C123*2
=A124,=B124+1,=C124*2
=A125,=B125+1,=C125*2
=A126,=B126+1,=C126*2
=A127,=B127+1,=C127*2
=A128,=B128+1,=C128*2
=A129,=B129+1,=C129*2
=A130,=B130+1,=C130*2
=A131,=B131+1,=C131*2
=A132,=B132+1,=C132*2
=A133,=B133+1,=C133*2
=A134,=B134+1,=C134*2
=A135,=B135+1,=C135*2
=A136,=B136+1,=C136*2
=A137,=B137+1,=C137*2
=A138,=B138+1,=C138*2
=A139,=B139+1,=C139*2
=A140,=B140+1,=C140*2
=A141,=B141+1,=C141*2
=A142,=B142+1,=C142*2
=A143,=B143+1,=C143*2
=A144,=B144+1,=C144*2
=A145,=B145+1,=C145*2
=A146,=B146+1,=C146*2
=A147,=B147+1,=C147*2
=A148,=B148+1,=C148*2
=A149,=B149+1,=C149*2
=B152,=C151,=A151
=B153,=C152,=A152
=B154,=C153,=A153
=B155,=C154,=A154
=B151,=C155,=A155
15600,7800,=A156+B156
15700,7850,=A157+B157
15800,7900,=A158+B158
15900,7950,=A159+B159
16000,8000,=A160+B160
16100,8050,=A161+B161
16200,8100,=A162+B162
16300,8150,=A163+B163
16400,8200,=A164+B164
16500,8250,=A165+B165
16600,8300,=A166+B166
16700,8350,=A167+B167
16800,8400,=A168+B168
16900,8450,=A169+B169
17000,8500,=A170+B170
17100,8550,=A171+B171
17200,8600,=A172+B172
17300,8650,=A173+B173
17400,8700,=A174+B174
17500,8750,=A175+B175
17600,8800,=A176+B176
17700,8850,=A177+B177
17800,8900,=A178+B178
17900,8950,=A179+B179
18000,9000,=A180+B180
18100,9050,=A181+B181
18200,9100,=A182+B182
18300,9150,=A183+B183
18400,9200,=A184+B184
18500,9250,=A185+B185
18600,9300,=A186+B186
18700,9350,=A187+B187
18800,9400,=A188+B188
18900,9450,=A189+B189
19000,9500,=A190+B190
19100,9550,=A191+B191
19200,9600,=A192+B192
19300,9650,=A193+B193
19400,9700,=A194+B194
19500,9750,=A195+B195
19600,9800,=A196+B196
19700,9850,=A197+B197
19800,9900,=A198+B198
19900,9950,=A199+B199
20000,10000,=A200+B200




